<?xml version="1.0" encoding="utf-8"?>
<cck type="field">
    <author>Jon Buckner</author>
    <authoremail>contact@seblod.com</authoremail>
    <authorurl>http://www.seblod.com</authorurl>
    <copyright>Copyright (C) 2011 Seblod. All Rights Reserved.</copyright>
    <license>GNU General Public License version 2 or later.</license>
    <field>
        <id />
        <title>JB One To Many Config Table One name</title>
        <name>jb_one_to_many_config_table_one_name</name>
        <folder>quick_folder</folder>
        <type>text</type>
        <description>The database table of $config['storages'] you will use for the One name</description>
        <published />
        <label>CONFIG_TABLE_ONE_NAME</label>
        <selectlabel></selectlabel>
        <display>3</display>
        <required />
        <validation />
        <defaultvalue />
        <options />
        <options2 />
        <minlength />
        <maxlength>255</maxlength>
        <size>32</size>
        <cols />
        <rows />
        <ordering />
        <sorting />
        <divattributeer />
        <bool />
        <location />
        <extended />
        <style />
        <script />
        <bool2 />
        <bool3 />
        <bool4 />
        <bool5 />
        <bool6 />
        <bool7 />
        <bool8 />
        <css />
        <attributes />
        <storage>dev</storage>
        <storage_location />
        <storage_field />
        <storage_field>json[options2][config_table_one_name]</storage_field>
        <storage_field2 />
        <storage_params />
        <storages />
        <checked_out />
        <checked_out_time>0000-00-00 00:00:00</checked_out_time>
    </field>
</cck>
